,Location
MaziyarPanahi/calme-3.2-instruct-78b,./processed_data/MaziyarPanahi_calme-3.2-instruct-78b.csv
MaziyarPanahi/calme-3.1-instruct-78b,./processed_data/MaziyarPanahi_calme-3.1-instruct-78b.csv
dfurman/CalmeRys-78B-Orpo-v0.1,./processed_data/dfurman_CalmeRys-78B-Orpo-v0.1.csv
MaziyarPanahi/calme-2.4-rys-78b,./processed_data/MaziyarPanahi_calme-2.4-rys-78b.csv
Qwen/Qwen2.5-72B-Instruct,./processed_data/Qwen_Qwen2.5-72B-Instruct.csv
MaziyarPanahi/calme-2.1-qwen2.5-72b,./processed_data/MaziyarPanahi_calme-2.1-qwen2.5-72b.csv
MaziyarPanahi/calme-2.2-qwen2.5-72b,./processed_data/MaziyarPanahi_calme-2.2-qwen2.5-72b.csv
Qwen/Qwen2.5-32B-Instruct,./processed_data/Qwen_Qwen2.5-32B-Instruct.csv
mistralai/Mistral-Large-Instruct-2411,./processed_data/mistralai_Mistral-Large-Instruct-2411.csv
rombodawg/Rombos-LLM-V2.5-Qwen-72b,./processed_data/rombodawg_Rombos-LLM-V2.5-Qwen-72b.csv
tanliboy/lambda-qwen2.5-32b-dpo-test,./processed_data/tanliboy_lambda-qwen2.5-32b-dpo-test.csv
rombodawg/Rombos-LLM-V2.5-Qwen-32b,./processed_data/rombodawg_Rombos-LLM-V2.5-Qwen-32b.csv
CombinHorizon/huihui-ai-abliterated-Qwen2.5-32B-Inst-BaseMerge-TIES,./processed_data/CombinHorizon_huihui-ai-abliterated-Qwen2.5-32B-Inst-BaseMerge-TIES.csv
dnhkng/RYS-XLarge,./processed_data/dnhkng_RYS-XLarge.csv
ssmits/Qwen2.5-95B-Instruct,./processed_data/ssmits_Qwen2.5-95B-Instruct.csv
meta-llama/Llama-3.3-70B-Instruct,./processed_data/meta-llama_Llama-3.3-70B-Instruct.csv
MaziyarPanahi/calme-2.1-rys-78b,./processed_data/MaziyarPanahi_calme-2.1-rys-78b.csv
MaziyarPanahi/calme-2.3-rys-78b,./processed_data/MaziyarPanahi_calme-2.3-rys-78b.csv
MaziyarPanahi/calme-2.1-qwen2-72b,error
MaziyarPanahi/calme-2.2-rys-78b,./processed_data/MaziyarPanahi_calme-2.2-rys-78b.csv
Undi95/MG-FinalMix-72B,./processed_data/Undi95_MG-FinalMix-72B.csv
EVA-UNIT-01/EVA-Qwen2.5-72B-v0.2,./processed_data/EVA-UNIT-01_EVA-Qwen2.5-72B-v0.2.csv
dfurman/Qwen2-72B-Orpo-v0.1,./processed_data/dfurman_Qwen2-72B-Orpo-v0.1.csv
dnhkng/RYS-XLarge-base,./processed_data/dnhkng_RYS-XLarge-base.csv
MaziyarPanahi/calme-2.2-qwen2-72b,error
arcee-ai/Arcee-Nova,./processed_data/arcee-ai_Arcee-Nova.csv
Qwen/Qwen2-72B-Instruct,./processed_data/Qwen_Qwen2-72B-Instruct.csv
mlabonne/BigQwen2.5-52B-Instruct,./processed_data/mlabonne_BigQwen2.5-52B-Instruct.csv
VAGOsolutions/Llama-3.1-SauerkrautLM-70b-Instruct,./processed_data/VAGOsolutions_Llama-3.1-SauerkrautLM-70b-Instruct.csv
meta-llama/Meta-Llama-3.1-70B-Instruct,./processed_data/meta-llama_Meta-Llama-3.1-70B-Instruct.csv
abacusai/Dracarys-72B-Instruct,./processed_data/abacusai_Dracarys-72B-Instruct.csv
MaziyarPanahi/calme-2.2-llama3.1-70b,./processed_data/MaziyarPanahi_calme-2.2-llama3.1-70b.csv
MaziyarPanahi/calme-2.3-llama3.1-70b,./processed_data/MaziyarPanahi_calme-2.3-llama3.1-70b.csv
anthracite-org/magnum-v1-72b,./processed_data/anthracite-org_magnum-v1-72b.csv
alpindale/magnum-72b-v1,error
dnhkng/RYS-Llama3.1-Large,./processed_data/dnhkng_RYS-Llama3.1-Large.csv
fblgit/TheBeagle-v2beta-32B-MGS,./processed_data/fblgit_TheBeagle-v2beta-32B-MGS.csv
tanliboy/lambda-qwen2.5-14b-dpo-test,./processed_data/tanliboy_lambda-qwen2.5-14b-dpo-test.csv
Goekdeniz-Guelmez/Josiefied-Qwen2.5-14B-Instruct-abliterated-v4,./processed_data/Goekdeniz-Guelmez_Josiefied-Qwen2.5-14B-Instruct-abliterated-v4.csv
paulml/ECE-ILAB-Q1,error
sthenno-com/miscii-14b-1028,./processed_data/sthenno-com_miscii-14b-1028.csv
allenai/Llama-3.1-Tulu-3-70B,./processed_data/allenai_Llama-3.1-Tulu-3-70B.csv
BenevolenceMessiah/Qwen2.5-72B-2x-Instruct-TIES-v1.0,./processed_data/BenevolenceMessiah_Qwen2.5-72B-2x-Instruct-TIES-v1.0.csv
allenai/Llama-3.1-Tulu-3-70B-DPO,./processed_data/allenai_Llama-3.1-Tulu-3-70B-DPO.csv
rombodawg/Rombos-LLM-V2.6-Qwen-14b,./processed_data/rombodawg_Rombos-LLM-V2.6-Qwen-14b.csv
abacusai/Smaug-Qwen2-72B-Instruct,./processed_data/abacusai_Smaug-Qwen2-72B-Instruct.csv
rombodawg/Rombos-LLM-V2.6-Nemotron-70b,./processed_data/rombodawg_Rombos-LLM-V2.6-Nemotron-70b.csv
Tsunami-th/Tsunami-1.0-14B-Instruct,./processed_data/Tsunami-th_Tsunami-1.0-14B-Instruct.csv
anthracite-org/magnum-v2-72b,./processed_data/anthracite-org_magnum-v2-72b.csv
CombinHorizon/Josiefied-abliteratedV4-Qwen2.5-14B-Inst-BaseMerge-TIES,./processed_data/CombinHorizon_Josiefied-abliteratedV4-Qwen2.5-14B-Inst-BaseMerge-TIES.csv
huihui-ai/Qwen2.5-14B-Instruct-abliterated-v2,./processed_data/huihui-ai_Qwen2.5-14B-Instruct-abliterated-v2.csv
huihui-ai/QwQ-32B-Coder-Fusion-9010,./processed_data/huihui-ai_QwQ-32B-Coder-Fusion-9010.csv
CombinHorizon/huihui-ai-abliteratedV2-Qwen2.5-14B-Inst-BaseMerge-TIES,./processed_data/CombinHorizon_huihui-ai-abliteratedV2-Qwen2.5-14B-Inst-BaseMerge-TIES.csv
nbeerbower/Qwen2.5-Gutenberg-Doppel-14B,./processed_data/nbeerbower_Qwen2.5-Gutenberg-Doppel-14B.csv
Qwen/Qwen2.5-14B-Instruct,./processed_data/Qwen_Qwen2.5-14B-Instruct.csv
OpenBuddy/openbuddy-llama3.1-70b-v22.1-131k,./processed_data/OpenBuddy_openbuddy-llama3.1-70b-v22.1-131k.csv
MaziyarPanahi/calme-2.1-llama3.1-70b,./processed_data/MaziyarPanahi_calme-2.1-llama3.1-70b.csv
dwikitheduck/gen-inst-1,./processed_data/dwikitheduck_gen-inst-1.csv
nbeerbower/Llama-3.1-Nemotron-lorablated-70B,./processed_data/nbeerbower_Llama-3.1-Nemotron-lorablated-70B.csv
KSU-HW-SEC/Llama3.1-70b-SVA-FT-1000step,./processed_data/KSU-HW-SEC_Llama3.1-70b-SVA-FT-1000step.csv
arcee-ai/Virtuoso-Small,./processed_data/arcee-ai_Virtuoso-Small.csv
qingy2024/Qwen2.5-Math-14B-Instruct-Preview,./processed_data/qingy2024_Qwen2.5-Math-14B-Instruct-Preview.csv
Qwen/Qwen2.5-Coder-32B-Instruct,./processed_data/Qwen_Qwen2.5-Coder-32B-Instruct.csv
OpenBuddy/openbuddy-nemotron-70b-v23.1-131k,./processed_data/OpenBuddy_openbuddy-nemotron-70b-v23.1-131k.csv
ehristoforu/RQwen-v0.1,./processed_data/ehristoforu_RQwen-v0.1.csv
Qwen/Qwen2-VL-72B-Instruct,./processed_data/Qwen_Qwen2-VL-72B-Instruct.csv
allknowingroger/QwenSlerp6-14B,./processed_data/allknowingroger_QwenSlerp6-14B.csv
rombodawg/Rombos-LLM-V2.5-Qwen-14b,./processed_data/rombodawg_Rombos-LLM-V2.5-Qwen-14b.csv
dwikitheduck/gen-try1,./processed_data/dwikitheduck_gen-try1.csv
allknowingroger/QwenSlerp5-14B,./processed_data/allknowingroger_QwenSlerp5-14B.csv
qingy2024/Qwen2.5-Math-14B-Instruct-Alpha,./processed_data/qingy2024_Qwen2.5-Math-14B-Instruct-Alpha.csv
OpenBuddy/openbuddy-nemotron-70b-v23.2-131k,./processed_data/OpenBuddy_openbuddy-nemotron-70b-v23.2-131k.csv
NLPark/Shi-Ci-Robin-Test_3AD80,./processed_data/NLPark_Shi-Ci-Robin-Test_3AD80.csv
arcee-ai/SuperNova-Medius,./processed_data/arcee-ai_SuperNova-Medius.csv
internlm/internlm2_5-20b-chat,./processed_data/internlm_internlm2_5-20b-chat.csv
allenai/Llama-3.1-Tulu-3-70B-SFT,./processed_data/allenai_Llama-3.1-Tulu-3-70B-SFT.csv
allknowingroger/QwenSlerp4-14B,./processed_data/allknowingroger_QwenSlerp4-14B.csv
CultriX/Qwen2.5-14B-MegaMerge-pt2,./processed_data/CultriX_Qwen2.5-14B-MegaMerge-pt2.csv
CultriX/Qwen2.5-14B-MergeStock,./processed_data/CultriX_Qwen2.5-14B-MergeStock.csv
CultriX/SeQwence-14Bv2,./processed_data/CultriX_SeQwence-14Bv2.csv
gbueno86/Meta-LLama-3-Cat-Smaug-LLama-70b,error
CultriX/SeQwence-14Bv3,./processed_data/CultriX_SeQwence-14Bv3.csv
CultriX/SeQwence-14Bv1,./processed_data/CultriX_SeQwence-14Bv1.csv
CultriX/Qwestion-14B,./processed_data/CultriX_Qwestion-14B.csv
NousResearch/Hermes-3-Llama-3.1-70B,./processed_data/NousResearch_Hermes-3-Llama-3.1-70B.csv
CultriX/SeQwence-14B-EvolMergev1,./processed_data/CultriX_SeQwence-14B-EvolMergev1.csv
Qwen/Qwen2.5-72B,./processed_data/Qwen_Qwen2.5-72B.csv
allknowingroger/QwenStock2-14B,./processed_data/allknowingroger_QwenStock2-14B.csv
Saxo/Linkbricks-Horizon-AI-Korean-Superb-27B,./processed_data/Saxo_Linkbricks-Horizon-AI-Korean-Superb-27B.csv
allknowingroger/QwenStock3-14B,./processed_data/allknowingroger_QwenStock3-14B.csv
allknowingroger/Qwen2.5-slerp-14B,./processed_data/allknowingroger_Qwen2.5-slerp-14B.csv
qingy2019/Qwen2.5-Math-14B-Instruct,./processed_data/qingy2019_Qwen2.5-Math-14B-Instruct.csv
allknowingroger/QwenStock1-14B,./processed_data/allknowingroger_QwenStock1-14B.csv
MaziyarPanahi/calme-2.2-llama3-70b,error
qingy2024/Fusion-14B-Instruct,./processed_data/qingy2024_Fusion-14B-Instruct.csv
allknowingroger/Qwenslerp2-14B,./processed_data/allknowingroger_Qwenslerp2-14B.csv
allknowingroger/Qwenslerp3-14B,./processed_data/allknowingroger_Qwenslerp3-14B.csv
Lambent/qwen2.5-reinstruct-alternate-lumen-14B,./processed_data/Lambent_qwen2.5-reinstruct-alternate-lumen-14B.csv
Qwen/Qwen2-Math-72B-Instruct,./processed_data/Qwen_Qwen2-Math-72B-Instruct.csv
CultriX/SeQwence-14B-EvolMerge,./processed_data/CultriX_SeQwence-14B-EvolMerge.csv
Qwen/Qwen2.5-32B,./processed_data/Qwen_Qwen2.5-32B.csv
VAGOsolutions/Llama-3-SauerkrautLM-70b-Instruct,error
CultriX/Qwen2.5-14B-Wernicke,./processed_data/CultriX_Qwen2.5-14B-Wernicke.csv
allknowingroger/Gemma2Slerp2-27B,./processed_data/allknowingroger_Gemma2Slerp2-27B.csv
ehristoforu/RQwen-v0.2,./processed_data/ehristoforu_RQwen-v0.2.csv
CultriX/SeQwence-14B-v5,./processed_data/CultriX_SeQwence-14B-v5.csv
VAGOsolutions/SauerkrautLM-v2-14b-DPO,./processed_data/VAGOsolutions_SauerkrautLM-v2-14b-DPO.csv
sometimesanotion/Lamarck-14B-v0.1-experimental,error
allknowingroger/Gemma2Slerp3-27B,./processed_data/allknowingroger_Gemma2Slerp3-27B.csv
allknowingroger/GemmaStock1-27B,./processed_data/allknowingroger_GemmaStock1-27B.csv
BAAI/Infinity-Instruct-7M-Gen-Llama3_1-70B,./processed_data/BAAI_Infinity-Instruct-7M-Gen-Llama3_1-70B.csv
sequelbox/Llama3.1-70B-PlumChat,./processed_data/sequelbox_Llama3.1-70B-PlumChat.csv
TheTsar1209/qwen-carpmuscle-v0.4,./processed_data/TheTsar1209_qwen-carpmuscle-v0.4.csv
allknowingroger/Gemma2Slerp4-27B,./processed_data/allknowingroger_Gemma2Slerp4-27B.csv
flammenai/Mahou-1.5-llama3.1-70B,./processed_data/flammenai_Mahou-1.5-llama3.1-70B.csv
ValiantLabs/Llama3-70B-Fireplace,error
MaziyarPanahi/calme-2.3-llama3-70b,./processed_data/MaziyarPanahi_calme-2.3-llama3-70b.csv
mlabonne/BigQwen2.5-Echo-47B-Instruct,./processed_data/mlabonne_BigQwen2.5-Echo-47B-Instruct.csv
flammenai/Llama3.1-Flammades-70B,./processed_data/flammenai_Llama3.1-Flammades-70B.csv
cognitivecomputations/dolphin-2.9.2-qwen2-72b,./processed_data/cognitivecomputations_dolphin-2.9.2-qwen2-72b.csv
sometimesanotion/lamarck-14b-reason-model_stock,./processed_data/sometimesanotion_lamarck-14b-reason-model_stock.csv
nbeerbower/Llama3.1-Gutenberg-Doppel-70B,./processed_data/nbeerbower_Llama3.1-Gutenberg-Doppel-70B.csv
BAAI/Infinity-Instruct-3M-0625-Llama3-70B,./processed_data/BAAI_Infinity-Instruct-3M-0625-Llama3-70B.csv
nvidia/Llama-3.1-Nemotron-70B-Instruct-HF,./processed_data/nvidia_Llama-3.1-Nemotron-70B-Instruct-HF.csv
CultriX/SeQwence-14B,./processed_data/CultriX_SeQwence-14B.csv
microsoft/Phi-3.5-MoE-instruct,./processed_data/microsoft_Phi-3.5-MoE-instruct.csv
sometimesanotion/Lamarck-14B-v0.3,./processed_data/sometimesanotion_Lamarck-14B-v0.3.csv
qingy2019/Qwen2.5-Math-14B-Instruct-Alpha,./processed_data/qingy2019_Qwen2.5-Math-14B-Instruct-Alpha.csv
Qwen/Qwen2.5-Math-72B-Instruct,./processed_data/Qwen_Qwen2.5-Math-72B-Instruct.csv
tenyx/Llama3-TenyxChat-70B,./processed_data/tenyx_Llama3-TenyxChat-70B.csv
sometimesanotion/Qwen-2.5-14B-Virmarckeoso,./processed_data/sometimesanotion_Qwen-2.5-14B-Virmarckeoso.csv
sometimesanotion/Lamarck-14B-v0.4-Qwenvergence,./processed_data/sometimesanotion_Lamarck-14B-v0.4-Qwenvergence.csv
nisten/franqwenstein-35b,./processed_data/nisten_franqwenstein-35b.csv
CultriX/Qwen2.5-14B-Wernicke-SLERP,./processed_data/CultriX_Qwen2.5-14B-Wernicke-SLERP.csv
allknowingroger/Gemma2Slerp1-27B,error
ValiantLabs/Llama3.1-70B-ShiningValiant2,./processed_data/ValiantLabs_Llama3.1-70B-ShiningValiant2.csv
hotmailuser/Gemma2SimPO-27B,./processed_data/hotmailuser_Gemma2SimPO-27B.csv
Tsunami-th/Tsunami-0.5-7B-Instruct,./processed_data/Tsunami-th_Tsunami-0.5-7B-Instruct.csv
tiiuae/Falcon3-7B-Instruct,./processed_data/tiiuae_Falcon3-7B-Instruct.csv
meta-llama/Meta-Llama-3-70B-Instruct,./processed_data/meta-llama_Meta-Llama-3-70B-Instruct.csv
hotmailuser/Gemma2Crono-27B,./processed_data/hotmailuser_Gemma2Crono-27B.csv
bunnycore/QandoraExp-7B,./processed_data/bunnycore_QandoraExp-7B.csv
gbueno86/Brinebreath-Llama-3.1-70B,./processed_data/gbueno86_Brinebreath-Llama-3.1-70B.csv
qingy2024/Qwen2.6-14B-Instruct,./processed_data/qingy2024_Qwen2.6-14B-Instruct.csv
VAGOsolutions/SauerkrautLM-v2-14b-SFT,./processed_data/VAGOsolutions_SauerkrautLM-v2-14b-SFT.csv
pankajmathur/orca_mini_v7_72b,error
jeffmeloy/Qwen2.5-7B-nerd-uncensored-v1.0,./processed_data/jeffmeloy_Qwen2.5-7B-nerd-uncensored-v1.0.csv
google/gemma-2-27b-it,./processed_data/google_gemma-2-27b-it.csv
KSU-HW-SEC/Llama3-70b-SVA-FT-1415,./processed_data/KSU-HW-SEC_Llama3-70b-SVA-FT-1415.csv
oxyapi/oxy-1-small,./processed_data/oxyapi_oxy-1-small.csv
KSU-HW-SEC/Llama3-70b-SVA-FT-final,./processed_data/KSU-HW-SEC_Llama3-70b-SVA-FT-final.csv
sometimesanotion/Qwen2.5-14B-Vimarckoso,./processed_data/sometimesanotion_Qwen2.5-14B-Vimarckoso.csv
djuna/G2-BigGSHT-27B-2,./processed_data/djuna_G2-BigGSHT-27B-2.csv
Tsunami-th/Tsunami-0.5x-7B-Instruct,./processed_data/Tsunami-th_Tsunami-0.5x-7B-Instruct.csv
dnhkng/RYS-Llama-3-Large-Instruct,./processed_data/dnhkng_RYS-Llama-3-Large-Instruct.csv
KSU-HW-SEC/Llama3-70b-SVA-FT-500,./processed_data/KSU-HW-SEC_Llama3-70b-SVA-FT-500.csv
bunnycore/Qwen2.5-7B-CyberRombos,./processed_data/bunnycore_Qwen2.5-7B-CyberRombos.csv
failspy/llama-3-70B-Instruct-abliterated,error
Etherll/Qwen2.5-7B-della-test,./processed_data/Etherll_Qwen2.5-7B-della-test.csv
hotmailuser/Gemma2atlas-27B,./processed_data/hotmailuser_Gemma2atlas-27B.csv
abacusai/Smaug-Llama-3-70B-Instruct-32K,./processed_data/abacusai_Smaug-Llama-3-70B-Instruct-32K.csv
Tsunami-th/Tsunami-1.0-7B-Instruct,./processed_data/Tsunami-th_Tsunami-1.0-7B-Instruct.csv
Orion-zhen/Qwen2.5-7B-Instruct-Uncensored,./processed_data/Orion-zhen_Qwen2.5-7B-Instruct-Uncensored.csv
Cran-May/T.E-8.1,./processed_data/Cran-May_T.E-8.1.csv
Isaak-Carter/Josiefied-Qwen2.5-7B-Instruct-abliterated-v2,./processed_data/Isaak-Carter_Josiefied-Qwen2.5-7B-Instruct-abliterated-v2.csv
sometimesanotion/lamarck-14b-prose-model_stock,./processed_data/sometimesanotion_lamarck-14b-prose-model_stock.csv
cloudyu/Llama-3-70Bx2-MOE,error
ZeroXClem/Qwen2.5-7B-HomerAnvita-NerdMix,./processed_data/ZeroXClem_Qwen2.5-7B-HomerAnvita-NerdMix.csv
BAAI/Infinity-Instruct-3M-0613-Llama3-70B,error
migtissera/Llama-3-70B-Synthia-v3.5,error
OpenBuddy/openbuddy-llama3-70b-v21.2-32k,./processed_data/OpenBuddy_openbuddy-llama3-70b-v21.2-32k.csv
tiiuae/Falcon3-10B-Instruct,./processed_data/tiiuae_Falcon3-10B-Instruct.csv
Sao10K/L3-70B-Euryale-v2.1,error
suayptalha/HomerCreativeAnvita-Mix-Qw7B,./processed_data/suayptalha_HomerCreativeAnvita-Mix-Qw7B.csv
Qwen/Qwen2-72B,./processed_data/Qwen_Qwen2-72B.csv
suayptalha/Rombos-2.5-T.E-8.1,./processed_data/suayptalha_Rombos-2.5-T.E-8.1.csv
mattshumer/ref_70_e3,./processed_data/mattshumer_ref_70_e3.csv
CombinHorizon/Rombos-Qwen2.5-7B-Inst-BaseMerge-TIES,./processed_data/CombinHorizon_Rombos-Qwen2.5-7B-Inst-BaseMerge-TIES.csv
Goekdeniz-Guelmez/Josiefied-Qwen2.5-7B-Instruct-abliterated-v2,./processed_data/Goekdeniz-Guelmez_Josiefied-Qwen2.5-7B-Instruct-abliterated-v2.csv
qingy2024/Fusion2-14B-Instruct,./processed_data/qingy2024_Fusion2-14B-Instruct.csv
Qwen/Qwen2.5-7B-Instruct,./processed_data/Qwen_Qwen2.5-7B-Instruct.csv
qingy2024/Qwen2.6-Math-14B-Instruct,./processed_data/qingy2024_Qwen2.6-Math-14B-Instruct.csv
djuna/Q2.5-Partron-7B,./processed_data/djuna_Q2.5-Partron-7B.csv
Isaak-Carter/Josiefied-Qwen2.5-7B-Instruct-abliterated,./processed_data/Isaak-Carter_Josiefied-Qwen2.5-7B-Instruct-abliterated.csv
dnhkng/RYS-XLarge2,./processed_data/dnhkng_RYS-XLarge2.csv
HumanLLMs/Humanish-Qwen2.5-7B-Instruct,./processed_data/HumanLLMs_Humanish-Qwen2.5-7B-Instruct.csv
aaditya/Llama3-OpenBioLLM-70B,./processed_data/aaditya_Llama3-OpenBioLLM-70B.csv
ZeroXClem/Qwen2.5-7B-HomerCreative-Mix,./processed_data/ZeroXClem_Qwen2.5-7B-HomerCreative-Mix.csv
newsbang/Homer-v0.5-Qwen2.5-7B,./processed_data/newsbang_Homer-v0.5-Qwen2.5-7B.csv
huihui-ai/Qwen2.5-7B-Instruct-abliterated-v2,./processed_data/huihui-ai_Qwen2.5-7B-Instruct-abliterated-v2.csv
dnhkng/RYS-Llama-3-Huge-Instruct,./processed_data/dnhkng_RYS-Llama-3-Huge-Instruct.csv
glaiveai/Reflection-Llama-3.1-70B,./processed_data/glaiveai_Reflection-Llama-3.1-70B.csv
allknowingroger/GemmaSlerp5-10B,./processed_data/allknowingroger_GemmaSlerp5-10B.csv
huihui-ai/Qwen2.5-7B-Instruct-abliterated,./processed_data/huihui-ai_Qwen2.5-7B-Instruct-abliterated.csv
allknowingroger/GemmaSlerp2-9B,./processed_data/allknowingroger_GemmaSlerp2-9B.csv
lemon07r/Gemma-2-Ataraxy-v4d-9B,./processed_data/lemon07r_Gemma-2-Ataraxy-v4d-9B.csv
HuggingFaceH4/zephyr-orpo-141b-A35b-v0.1,./processed_data/HuggingFaceH4_zephyr-orpo-141b-A35b-v0.1.csv
Qwen/QwQ-32B-Preview,./processed_data/Qwen_QwQ-32B-Preview.csv
allknowingroger/GemmaSlerp4-10B,./processed_data/allknowingroger_GemmaSlerp4-10B.csv
Junhoee/Qwen-Megumin,./processed_data/Junhoee_Qwen-Megumin.csv
newsbang/Homer-v0.4-Qwen2.5-7B,./processed_data/newsbang_Homer-v0.4-Qwen2.5-7B.csv
mistralai/Mixtral-8x22B-Instruct-v0.1,error
Goekdeniz-Guelmez/josie-7b-v6.0-step2000,./processed_data/Goekdeniz-Guelmez_josie-7b-v6.0-step2000.csv
gmonsoon/gemma2-9b-sahabatai-v1-instruct-BaseTIES,./processed_data/gmonsoon_gemma2-9b-sahabatai-v1-instruct-BaseTIES.csv
jpacifico/Chocolatine-14B-Instruct-DPO-v1.2,./processed_data/jpacifico_Chocolatine-14B-Instruct-DPO-v1.2.csv
TheTsar1209/qwen-carpmuscle-v0.2,./processed_data/TheTsar1209_qwen-carpmuscle-v0.2.csv
CohereForAI/c4ai-command-r-plus-08-2024,error
migtissera/Tess-v2.5.2-Qwen2-72B,error
CultriX/Qwen2.5-14B-Wernicke-SFT,./processed_data/CultriX_Qwen2.5-14B-Wernicke-SFT.csv
bosonai/Higgs-Llama-3-70B,error
lemon07r/Gemma-2-Ataraxy-v4b-9B,./processed_data/lemon07r_Gemma-2-Ataraxy-v4b-9B.csv
sam-paech/Darkest-muse-v1,./processed_data/sam-paech_Darkest-muse-v1.csv
TheTsar1209/qwen-carpmuscle-v0.1,./processed_data/TheTsar1209_qwen-carpmuscle-v0.1.csv
lemon07r/Gemma-2-Ataraxy-v4c-9B,./processed_data/lemon07r_Gemma-2-Ataraxy-v4c-9B.csv
lemon07r/Gemma-2-Ataraxy-v4-Advanced-9B,./processed_data/lemon07r_Gemma-2-Ataraxy-v4-Advanced-9B.csv
01-ai/Yi-1.5-34B-Chat,./processed_data/01-ai_Yi-1.5-34B-Chat.csv
lemon07r/Gemma-2-Ataraxy-v4a-Advanced-9B,./processed_data/lemon07r_Gemma-2-Ataraxy-v4a-Advanced-9B.csv
Qwen/Qwen2.5-Coder-32B,./processed_data/Qwen_Qwen2.5-Coder-32B.csv
recoilme/recoilme-gemma-2-9B-v0.5,./processed_data/recoilme_recoilme-gemma-2-9B-v0.5.csv
allknowingroger/GemmaSlerp-9B,./processed_data/allknowingroger_GemmaSlerp-9B.csv
Qwen/Qwen1.5-110B-Chat,./processed_data/Qwen_Qwen1.5-110B-Chat.csv
bunnycore/Qwen2.5-7B-Instruct-Fusion,./processed_data/bunnycore_Qwen2.5-7B-Instruct-Fusion.csv
microsoft/Phi-3-medium-4k-instruct,./processed_data/microsoft_Phi-3-medium-4k-instruct.csv
nhyha/N3N_Delirium-v1_1030_0227,./processed_data/nhyha_N3N_Delirium-v1_1030_0227.csv
sam-paech/Delirium-v1,./processed_data/sam-paech_Delirium-v1.csv
sam-paech/Quill-v1,./processed_data/sam-paech_Quill-v1.csv
fblgit/cybertron-v4-qw7B-UNAMGS,./processed_data/fblgit_cybertron-v4-qw7B-UNAMGS.csv
alpindale/WizardLM-2-8x22B,./processed_data/alpindale_WizardLM-2-8x22B.csv
newsbang/Homer-7B-v0.1,./processed_data/newsbang_Homer-7B-v0.1.csv
Qwen/Qwen2-57B-A14B-Instruct,./processed_data/Qwen_Qwen2-57B-A14B-Instruct.csv
newsbang/Homer-7B-v0.2,./processed_data/newsbang_Homer-7B-v0.2.csv
MaziyarPanahi/calme-2.3-qwen2-72b,./processed_data/MaziyarPanahi_calme-2.3-qwen2-72b.csv
internlm/internlm2_5-7b-chat,./processed_data/internlm_internlm2_5-7b-chat.csv
rombodawg/Rombos-LLM-V2.5-Qwen-7b,./processed_data/rombodawg_Rombos-LLM-V2.5-Qwen-7b.csv
ValiantLabs/Llama3-70B-ShiningValiant2,error
recoilme/recoilme-gemma-2-9B-v0.1,./processed_data/recoilme_recoilme-gemma-2-9B-v0.1.csv
DreadPoor/Emu_Eggs-9B-Model_Stock,./processed_data/DreadPoor_Emu_Eggs-9B-Model_Stock.csv
newsbang/Homer-v1.0-Qwen2.5-7B,./processed_data/newsbang_Homer-v1.0-Qwen2.5-7B.csv
LGAI-EXAONE/EXAONE-3.5-7.8B-Instruct,./processed_data/LGAI-EXAONE_EXAONE-3.5-7.8B-Instruct.csv
nbeerbower/Gemma2-Gutenberg-Doppel-9B,./processed_data/nbeerbower_Gemma2-Gutenberg-Doppel-9B.csv
OpenBuddy/openbuddy-qwen2.5llamaify-14b-v23.1-200k,./processed_data/OpenBuddy_openbuddy-qwen2.5llamaify-14b-v23.1-200k.csv
MaziyarPanahi/calme-2.4-llama3-70b,./processed_data/MaziyarPanahi_calme-2.4-llama3-70b.csv
freewheelin/free-evo-qwen72b-v0.8-re,./processed_data/freewheelin_free-evo-qwen72b-v0.8-re.csv
GoToCompany/gemma2-9b-cpt-sahabatai-v1-instruct,./processed_data/GoToCompany_gemma2-9b-cpt-sahabatai-v1-instruct.csv
hotmailuser/Gemma2magnum-27b,./processed_data/hotmailuser_Gemma2magnum-27b.csv
paloalma/TW3-JRGL-v2,./processed_data/paloalma_TW3-JRGL-v2.csv
fblgit/cybertron-v4-qw7B-MGS,./processed_data/fblgit_cybertron-v4-qw7B-MGS.csv
lemon07r/Gemma-2-Ataraxy-Remix-9B,./processed_data/lemon07r_Gemma-2-Ataraxy-Remix-9B.csv
microsoft/Phi-3-small-8k-instruct,error
OpenBuddy/openbuddy-qwen2.5llamaify-14b-v23.3-200k,./processed_data/OpenBuddy_openbuddy-qwen2.5llamaify-14b-v23.3-200k.csv
MTSAIR/MultiVerse_70B,error
lemon07r/Gemma-2-Ataraxy-v3b-9B,./processed_data/lemon07r_Gemma-2-Ataraxy-v3b-9B.csv
nhyha/N3N_gemma-2-9b-it_20241029_1532,./processed_data/nhyha_N3N_gemma-2-9b-it_20241029_1532.csv
Qwen/Qwen2.5-Coder-14B-Instruct,./processed_data/Qwen_Qwen2.5-Coder-14B-Instruct.csv
Marsouuu/lareneg3Bv2-ECE-PRYMMAL-Martial,error
bunnycore/Qandora-2.5-7B-Creative,./processed_data/bunnycore_Qandora-2.5-7B-Creative.csv
google/gemma-2-9b-it,error
microsoft/Phi-3-medium-128k-instruct,./processed_data/microsoft_Phi-3-medium-128k-instruct.csv
ZeroXClem/Qwen2.5-7B-Qandora-CySec,./processed_data/ZeroXClem_Qwen2.5-7B-Qandora-CySec.csv
TheTsar1209/qwen-carpmuscle-r-v0.3,./processed_data/TheTsar1209_qwen-carpmuscle-r-v0.3.csv
paloalma/Le_Triomphant-ECE-TW3,error
microsoft/Phi-3-small-128k-instruct,error
Qwen/Qwen2.5-14B,./processed_data/Qwen_Qwen2.5-14B.csv
AELLM/gemma-2-aeria-infinity-9b,./processed_data/AELLM_gemma-2-aeria-infinity-9b.csv
Marsouuu/general3Bv2-ECE-PRYMMAL-Martial,./processed_data/Marsouuu_general3Bv2-ECE-PRYMMAL-Martial.csv
jeffmeloy/Qwen2.5-7B-nerd-uncensored-v0.9,./processed_data/jeffmeloy_Qwen2.5-7B-nerd-uncensored-v0.9.csv
Danielbrdz/Barcenas-14b-Phi-3-medium-ORPO,./processed_data/Danielbrdz_Barcenas-14b-Phi-3-medium-ORPO.csv
failspy/Phi-3-medium-4k-instruct-abliterated-v3,error
ClaudioItaly/intelligence-cod-rag-7b-v3,./processed_data/ClaudioItaly_intelligence-cod-rag-7b-v3.csv
jeffmeloy/Qwen2.5-7B-nerd-uncensored-v1.5,./processed_data/jeffmeloy_Qwen2.5-7B-nerd-uncensored-v1.5.csv
jeffmeloy/Qwen-7B-nerd-uncensored-v1.0,./processed_data/jeffmeloy_Qwen-7B-nerd-uncensored-v1.0.csv
TheTsar1209/qwen-carpmuscle-v0.3,./processed_data/TheTsar1209_qwen-carpmuscle-v0.3.csv
SicariusSicariiStuff/Qwen2.5-14B_Uncensored,./processed_data/SicariusSicariiStuff_Qwen2.5-14B_Uncensored.csv
mlabonne/Hermes-3-Llama-3.1-70B-lorablated,./processed_data/mlabonne_Hermes-3-Llama-3.1-70B-lorablated.csv
SicariusSicariiStuff/Qwen2.5-14B_Uncencored,./processed_data/SicariusSicariiStuff_Qwen2.5-14B_Uncencored.csv
bunnycore/QandoraExp-7B-Persona,./processed_data/bunnycore_QandoraExp-7B-Persona.csv
jeffmeloy/Qwen2.5-7B-nerd-uncensored-v1.4,./processed_data/jeffmeloy_Qwen2.5-7B-nerd-uncensored-v1.4.csv
Lil-R/2_PRYMMAL-ECE-7B-SLERP,./processed_data/Lil-R_2_PRYMMAL-ECE-7B-SLERP.csv
brgx53/3Bgeneralv2-ECE-PRYMMAL-Martial,./processed_data/brgx53_3Bgeneralv2-ECE-PRYMMAL-Martial.csv
brgx53/3Blarenegv2-ECE-PRYMMAL-Martial,./processed_data/brgx53_3Blarenegv2-ECE-PRYMMAL-Martial.csv
nhyha/merge_Qwen2.5-7B-Instruct_20241023_0314,./processed_data/nhyha_merge_Qwen2.5-7B-Instruct_20241023_0314.csv
lemon07r/Gemma-2-Ataraxy-v3-Advanced-9B,./processed_data/lemon07r_Gemma-2-Ataraxy-v3-Advanced-9B.csv
CombinHorizon/YiSM-blossom5.1-34B-SLERP,./processed_data/CombinHorizon_YiSM-blossom5.1-34B-SLERP.csv
newsbang/Homer-v0.3-Qwen2.5-7B,./processed_data/newsbang_Homer-v0.3-Qwen2.5-7B.csv
bunnycore/QwenMosaic-7B,./processed_data/bunnycore_QwenMosaic-7B.csv
GreenNode/GreenNode-small-9B-it,./processed_data/GreenNode_GreenNode-small-9B-it.csv
bunnycore/QandoraExp-7B-v2,./processed_data/bunnycore_QandoraExp-7B-v2.csv
bunnycore/Tulu-3.1-8B-SuperNova,./processed_data/bunnycore_Tulu-3.1-8B-SuperNova.csv
bunnycore/CyberCore-Qwen-2.1-7B,./processed_data/bunnycore_CyberCore-Qwen-2.1-7B.csv
CohereForAI/c4ai-command-r-plus,./processed_data/CohereForAI_c4ai-command-r-plus.csv
OpenBuddy/openbuddy-yi1.5-34b-v21.3-32k,./processed_data/OpenBuddy_openbuddy-yi1.5-34b-v21.3-32k.csv
allknowingroger/Qwenslerp2-7B,./processed_data/allknowingroger_Qwenslerp2-7B.csv
allknowingroger/Ph3task3-14B,./processed_data/allknowingroger_Ph3task3-14B.csv
allknowingroger/Qwenslerp3-7B,./processed_data/allknowingroger_Qwenslerp3-7B.csv
allknowingroger/Ph3task1-14B,./processed_data/allknowingroger_Ph3task1-14B.csv
ehristoforu/Gemma2-9b-it-train6,./processed_data/ehristoforu_Gemma2-9b-it-train6.csv
altomek/YiSM-34B-0rn,error
allknowingroger/Ph3della5-14B,./processed_data/allknowingroger_Ph3della5-14B.csv
NLPark/B-and-W_Flycatcher-3AD1E,./processed_data/NLPark_B-and-W_Flycatcher-3AD1E.csv
allknowingroger/Yislerp2-34B,error
VAGOsolutions/SauerkrautLM-Phi-3-medium,./processed_data/VAGOsolutions_SauerkrautLM-Phi-3-medium.csv
dwikitheduck/gen-try1-notemp,./processed_data/dwikitheduck_gen-try1-notemp.csv
mmnga/Llama-3-70B-japanese-suzume-vector-v0.1,./processed_data/mmnga_Llama-3-70B-japanese-suzume-vector-v0.1.csv
recoilme/recoilme-gemma-2-9B-v0.3,./processed_data/recoilme_recoilme-gemma-2-9B-v0.3.csv
DreadPoor/BaeZel-8B-LINEAR,./processed_data/DreadPoor_BaeZel-8B-LINEAR.csv
jpacifico/Chocolatine-14B-Instruct-4k-DPO,./processed_data/jpacifico_Chocolatine-14B-Instruct-4k-DPO.csv
Azure99/blossom-v5.1-34b,error
Nohobby/MS-Schisandra-22B-v0.2,./processed_data/Nohobby_MS-Schisandra-22B-v0.2.csv
Aashraf995/Qwen-Evo-7B,./processed_data/Aashraf995_Qwen-Evo-7B.csv
Joseph717171/Llama-3.1-SuperNova-8B-Lite_TIES_with_Base,./processed_data/Joseph717171_Llama-3.1-SuperNova-8B-Lite_TIES_with_Base.csv
paloalma/ECE-TW3-JRGL-V1,./processed_data/paloalma_ECE-TW3-JRGL-V1.csv
meditsolutions/Llama-3.1-MedIT-SUN-8B,./processed_data/meditsolutions_Llama-3.1-MedIT-SUN-8B.csv
arcee-ai/Llama-3.1-SuperNova-Lite,./processed_data/arcee-ai_Llama-3.1-SuperNova-Lite.csv
Dampfinchen/Llama-3.1-8B-Ultra-Instruct,./processed_data/Dampfinchen_Llama-3.1-8B-Ultra-Instruct.csv
T145/ZEUS-8B-V2,error
failspy/Meta-Llama-3-70B-Instruct-abliterated-v3.5,./processed_data/failspy_Meta-Llama-3-70B-Instruct-abliterated-v3.5.csv
ZeroXClem/Qwen-2.5-Aether-SlerpFusion-7B,./processed_data/ZeroXClem_Qwen-2.5-Aether-SlerpFusion-7B.csv
Nohobby/MS-Schisandra-22B-v0.1,./processed_data/Nohobby_MS-Schisandra-22B-v0.1.csv
allknowingroger/Qwen2.5-7B-task8,./processed_data/allknowingroger_Qwen2.5-7B-task8.csv
jeffmeloy/Qwen2.5-7B-olm-v1.0,./processed_data/jeffmeloy_Qwen2.5-7B-olm-v1.0.csv
DreadPoor/Condensed_Milk-8B-Model_Stock,./processed_data/DreadPoor_Condensed_Milk-8B-Model_Stock.csv
allknowingroger/Qwen2.5-7B-task4,./processed_data/allknowingroger_Qwen2.5-7B-task4.csv
AELLM/gemma-2-lyco-infinity-9b,./processed_data/AELLM_gemma-2-lyco-infinity-9b.csv
recoilme/recoilme-gemma-2-9B-v0.2,./processed_data/recoilme_recoilme-gemma-2-9B-v0.2.csv
jeffmeloy/Qwen2.5-7B-minperplexity-2,./processed_data/jeffmeloy_Qwen2.5-7B-minperplexity-2.csv
theprint/ReWiz-Qwen-2.5-14B,./processed_data/theprint_ReWiz-Qwen-2.5-14B.csv
allknowingroger/QwenSlerp12-7B,./processed_data/allknowingroger_QwenSlerp12-7B.csv
Aashraf995/Creative-7B-nerd,./processed_data/Aashraf995_Creative-7B-nerd.csv
akjindal53244/Llama-3.1-Storm-8B,./processed_data/akjindal53244_Llama-3.1-Storm-8B.csv
T145/ZEUS-8B-V2L2,./processed_data/T145_ZEUS-8B-V2L2.csv
VAGOsolutions/Llama-3.1-SauerkrautLM-8b-Instruct,./processed_data/VAGOsolutions_Llama-3.1-SauerkrautLM-8b-Instruct.csv
mistralai/Mistral-Small-Instruct-2409,./processed_data/mistralai_Mistral-Small-Instruct-2409.csv
sethuiyer/Qwen2.5-7B-Anvita,./processed_data/sethuiyer_Qwen2.5-7B-Anvita.csv
allknowingroger/Qwen2.5-7B-task2,./processed_data/allknowingroger_Qwen2.5-7B-task2.csv
recoilme/Gemma-2-Ataraxy-Gemmasutra-9B-slerp,./processed_data/recoilme_Gemma-2-Ataraxy-Gemmasutra-9B-slerp.csv
DeepAutoAI/ldm_soup_Llama-3.1-8B-Inst,./processed_data/DeepAutoAI_ldm_soup_Llama-3.1-8B-Inst.csv
Qwen/Qwen1.5-110B,./processed_data/Qwen_Qwen1.5-110B.csv
DreadPoor/Matryoshka-8B-LINEAR,./processed_data/DreadPoor_Matryoshka-8B-LINEAR.csv
nbeerbower/Mistral-Small-Drummer-22B,./processed_data/nbeerbower_Mistral-Small-Drummer-22B.csv
T145/ZEUS-8B-V6,./processed_data/T145_ZEUS-8B-V6.csv
abacusai/Smaug-72B-v0.1,./processed_data/abacusai_Smaug-72B-v0.1.csv
DeepAutoAI/ldm_soup_Llama-3.1-8B-Instruct-v0.0,./processed_data/DeepAutoAI_ldm_soup_Llama-3.1-8B-Instruct-v0.0.csv
DeepAutoAI/ldm_soup_Llama-3.1-8B-Instruct-v0.1,./processed_data/DeepAutoAI_ldm_soup_Llama-3.1-8B-Instruct-v0.1.csv
CohereForAI/aya-expanse-32b,./processed_data/CohereForAI_aya-expanse-32b.csv
EpistemeAI2/Fireball-Phi-3-medium-4k-inst-Philos,./processed_data/EpistemeAI2_Fireball-Phi-3-medium-4k-inst-Philos.csv
anthracite-org/magnum-v3-34b,./processed_data/anthracite-org_magnum-v3-34b.csv
T145/ZEUS-8B-V4,./processed_data/T145_ZEUS-8B-V4.csv
T145/Llama-3.1-8B-Instruct-Zeus,./processed_data/T145_Llama-3.1-8B-Instruct-Zeus.csv
DeepMount00/Llama-3.1-Distilled,./processed_data/DeepMount00_Llama-3.1-Distilled.csv
DreadPoor/Aurora_faustus-8B-LINEAR,./processed_data/DreadPoor_Aurora_faustus-8B-LINEAR.csv
T145/ZEUS-8B-V3,./processed_data/T145_ZEUS-8B-V3.csv
djuna/L3.1-Promissum_Mane-8B-Della-1.5-calc,./processed_data/djuna_L3.1-Promissum_Mane-8B-Della-1.5-calc.csv
DreadPoor/Sweetened_Condensed_Milk-8B-Model_Stock,./processed_data/DreadPoor_Sweetened_Condensed_Milk-8B-Model_Stock.csv
spow12/ChatWaifu_22B_v2.0_preview,./processed_data/spow12_ChatWaifu_22B_v2.0_preview.csv
01-ai/Yi-1.5-9B-Chat,./processed_data/01-ai_Yi-1.5-9B-Chat.csv
experiment-llm/exp-3-q-r,./processed_data/experiment-llm_exp-3-q-r.csv
paloalma/ECE-TW3-JRGL-V5,./processed_data/paloalma_ECE-TW3-JRGL-V5.csv
allknowingroger/Marco-01-slerp1-7B,./processed_data/allknowingroger_Marco-01-slerp1-7B.csv
qingy2019/Qwen2.5-Ultimate-14B-Instruct,./processed_data/qingy2019_Qwen2.5-Ultimate-14B-Instruct.csv
hotmailuser/Qwen2.5-HomerSlerp-7B,./processed_data/hotmailuser_Qwen2.5-HomerSlerp-7B.csv
DreadPoor/Heart_Stolen-8B-Model_Stock,./processed_data/DreadPoor_Heart_Stolen-8B-Model_Stock.csv
01-ai/Yi-1.5-34B-Chat-16K,error
allknowingroger/Yislerp-34B,./processed_data/allknowingroger_Yislerp-34B.csv
DreadPoor/Alita99-8B-LINEAR,./processed_data/DreadPoor_Alita99-8B-LINEAR.csv
DeepAutoAI/d2nwg_Llama-3.1-8B-Instruct-v0.0,./processed_data/DeepAutoAI_d2nwg_Llama-3.1-8B-Instruct-v0.0.csv
anthracite-org/magnum-v3-27b-kto,./processed_data/anthracite-org_magnum-v3-27b-kto.csv
DreadPoor/Mercury_In_Retrograde-8b-Model-Stock,./processed_data/DreadPoor_Mercury_In_Retrograde-8b-Model-Stock.csv
Qwen/Qwen1.5-32B-Chat,./processed_data/Qwen_Qwen1.5-32B-Chat.csv
AALF/FuseChat-Llama-3.1-8B-SFT-preview,./processed_data/AALF_FuseChat-Llama-3.1-8B-SFT-preview.csv
IntervitensInc/internlm2_5-20b-llamafied,./processed_data/IntervitensInc_internlm2_5-20b-llamafied.csv
allknowingroger/HomerSlerp4-7B,./processed_data/allknowingroger_HomerSlerp4-7B.csv
DreadPoor/Aurora_faustus-8B-LORABLATED,./processed_data/DreadPoor_Aurora_faustus-8B-LORABLATED.csv
nhyha/N3N_gemma-2-9b-it_20241110_2026,./processed_data/nhyha_N3N_gemma-2-9b-it_20241110_2026.csv
DreadPoor/Promissum_Mane-8B-LINEAR,./processed_data/DreadPoor_Promissum_Mane-8B-LINEAR.csv
152334H/miqu-1-70b-sf,error
dnhkng/RYS-Phi-3-medium-4k-instruct,./processed_data/dnhkng_RYS-Phi-3-medium-4k-instruct.csv
Gunulhona/Gemma-Ko-Merge,./processed_data/Gunulhona_Gemma-Ko-Merge.csv
spow12/ChatWaifu_v2.0_22B,./processed_data/spow12_ChatWaifu_v2.0_22B.csv
DreadPoor/Aurora_faustus-8B-LORABLATED_ALT,./processed_data/DreadPoor_Aurora_faustus-8B-LORABLATED_ALT.csv
DreadPoor/Damasteel-8B-LINEAR,./processed_data/DreadPoor_Damasteel-8B-LINEAR.csv
SicariusSicariiStuff/Qwen2.5-14B_Uncensored_Instruct,./processed_data/SicariusSicariiStuff_Qwen2.5-14B_Uncensored_Instruct.csv
DreadPoor/Eunoia_Vespera-8B-LINEAR,./processed_data/DreadPoor_Eunoia_Vespera-8B-LINEAR.csv
allknowingroger/HomerSlerp3-7B,./processed_data/allknowingroger_HomerSlerp3-7B.csv
allknowingroger/HomerSlerp2-7B,./processed_data/allknowingroger_HomerSlerp2-7B.csv
DeepAutoAI/Explore_Llama-3.1-8B-Inst,./processed_data/DeepAutoAI_Explore_Llama-3.1-8B-Inst.csv
moeru-ai/L3.1-Moe-2x8B-v0.2,./processed_data/moeru-ai_L3.1-Moe-2x8B-v0.2.csv
rhymes-ai/Aria,./processed_data/rhymes-ai_Aria.csv
abhishek/autotrain-llama3-70b-orpo-v2,./processed_data/abhishek_autotrain-llama3-70b-orpo-v2.csv
DreadPoor/Promissum_Mane-8B-LINEAR-lorablated,./processed_data/DreadPoor_Promissum_Mane-8B-LINEAR-lorablated.csv
byroneverson/Mistral-Small-Instruct-2409-abliterated,./processed_data/byroneverson_Mistral-Small-Instruct-2409-abliterated.csv
TheDrummer/Cydonia-22B-v1.2,./processed_data/TheDrummer_Cydonia-22B-v1.2.csv
BoltMonkey/DreadMix,./processed_data/BoltMonkey_DreadMix.csv
djuna/Gemma-2-gemmama-9b,./processed_data/djuna_Gemma-2-gemmama-9b.csv
allknowingroger/Qwen2.5-7B-task3,./processed_data/allknowingroger_Qwen2.5-7B-task3.csv
jeffmeloy/Qwen2.5-7B-nerd-uncensored-v1.7,./processed_data/jeffmeloy_Qwen2.5-7B-nerd-uncensored-v1.7.csv
cognitivecomputations/dolphin-2.9.2-Phi-3-Medium,./processed_data/cognitivecomputations_dolphin-2.9.2-Phi-3-Medium.csv
DreadPoor/Aspire-8B-model_stock,./processed_data/DreadPoor_Aspire-8B-model_stock.csv
allknowingroger/Ph3task2-14B,./processed_data/allknowingroger_Ph3task2-14B.csv
Kukedlc/Qwen-2.5-7b-Spanish-o1-CoT,./processed_data/Kukedlc_Qwen-2.5-7b-Spanish-o1-CoT.csv
AALF/FuseChat-Llama-3.1-8B-Instruct-preview,./processed_data/AALF_FuseChat-Llama-3.1-8B-Instruct-preview.csv
meditsolutions/MSH-v1-Bielik-v2.3-Instruct-MedIT-merge,./processed_data/meditsolutions_MSH-v1-Bielik-v2.3-Instruct-MedIT-merge.csv
cognitivecomputations/dolphin-2.9.2-Phi-3-Medium-abliterated,./processed_data/cognitivecomputations_dolphin-2.9.2-Phi-3-Medium-abliterated.csv
OpenBuddy/openbuddy-zero-56b-v21.2-32k,error
natong19/Qwen2-7B-Instruct-abliterated,error
allknowingroger/HomerSlerp1-7B,./processed_data/allknowingroger_HomerSlerp1-7B.csv
T145/ZEUS-8B-V7,./processed_data/T145_ZEUS-8B-V7.csv
bunnycore/HyperLlama-3.1-8B,./processed_data/bunnycore_HyperLlama-3.1-8B.csv
arcee-ai/Arcee-Spark,error
NLPark/AnFeng_v3.1-Avocet,./processed_data/NLPark_AnFeng_v3.1-Avocet.csv
Orenguteng/Llama-3.1-8B-Lexi-Uncensored-V2,./processed_data/Orenguteng_Llama-3.1-8B-Lexi-Uncensored-V2.csv
DreadPoor/Aspire_1.3-8B_model-stock,./processed_data/DreadPoor_Aspire_1.3-8B_model-stock.csv
djuna/L3.1-ForStHS,./processed_data/djuna_L3.1-ForStHS.csv
lemon07r/Gemma-2-Ataraxy-Advanced-9B,./processed_data/lemon07r_Gemma-2-Ataraxy-Advanced-9B.csv
speakleash/Bielik-11B-v2.3-Instruct,./processed_data/speakleash_Bielik-11B-v2.3-Instruct.csv
meditsolutions/MedIT-Mesh-3B-Instruct,./processed_data/meditsolutions_MedIT-Mesh-3B-Instruct.csv
cognitivecomputations/dolphin-2.9.1-yi-1.5-34b,error
allknowingroger/Yibuddy-35B,./processed_data/allknowingroger_Yibuddy-35B.csv
DreadPoor/remember_to_breathe-8b-Model-Stock,./processed_data/DreadPoor_remember_to_breathe-8b-Model-Stock.csv
DeepMount00/Llama-3.1-8b-ITA,./processed_data/DeepMount00_Llama-3.1-8b-ITA.csv
jpacifico/Chocolatine-3B-Instruct-DPO-Revised,error
T145/ZEUS-8B-V8,./processed_data/T145_ZEUS-8B-V8.csv
meta-llama/Meta-Llama-3.1-8B-Instruct,./processed_data/meta-llama_Meta-Llama-3.1-8B-Instruct.csv
microsoft/Phi-3.5-mini-instruct,./processed_data/microsoft_Phi-3.5-mini-instruct.csv
BAAI/Infinity-Instruct-3M-0625-Yi-1.5-9B,./processed_data/BAAI_Infinity-Instruct-3M-0625-Yi-1.5-9B.csv
Gryphe/Pantheon-RP-Pure-1.6.2-22b-Small,./processed_data/Gryphe_Pantheon-RP-Pure-1.6.2-22b-Small.csv
tiiuae/Falcon3-Mamba-7B-Instruct,./processed_data/tiiuae_Falcon3-Mamba-7B-Instruct.csv
nbeerbower/Mistral-Nemo-Prism-12B-v2,./processed_data/nbeerbower_Mistral-Nemo-Prism-12B-v2.csv
Qwen/Qwen2.5-Coder-7B-Instruct,./processed_data/Qwen_Qwen2.5-Coder-7B-Instruct.csv
nbeerbower/Mistral-Nemo-Prism-12B-v7,./processed_data/nbeerbower_Mistral-Nemo-Prism-12B-v7.csv
MaziyarPanahi/calme-2.1-phi3.5-4b,error
informatiker/Qwen2-7B-Instruct-abliterated,./processed_data/informatiker_Qwen2-7B-Instruct-abliterated.csv
speakleash/Bielik-11B-v2.2-Instruct,error
nbeerbower/Mistral-Small-Gutenberg-Doppel-22B,./processed_data/nbeerbower_Mistral-Small-Gutenberg-Doppel-22B.csv
Qwen/Qwen2-7B-Instruct,./processed_data/Qwen_Qwen2-7B-Instruct.csv
nbeerbower/Mistral-Nemo-Prism-12B,./processed_data/nbeerbower_Mistral-Nemo-Prism-12B.csv
Shreyash2010/Uma-4x4B-Instruct-v0.1,./processed_data/Shreyash2010_Uma-4x4B-Instruct-v0.1.csv
DreadPoor/Heart_Stolen-ALT-8B-Model_Stock,./processed_data/DreadPoor_Heart_Stolen-ALT-8B-Model_Stock.csv
OpenBuddy/openbuddy-qwen2.5llamaify-7b-v23.1-200k,./processed_data/OpenBuddy_openbuddy-qwen2.5llamaify-7b-v23.1-200k.csv
jpacifico/Chocolatine-3B-Instruct-DPO-v1.2,./processed_data/jpacifico_Chocolatine-3B-Instruct-DPO-v1.2.csv
cstr/llama3.1-8b-spaetzle-v90,./processed_data/cstr_llama3.1-8b-spaetzle-v90.csv
anthracite-org/magnum-v4-22b,./processed_data/anthracite-org_magnum-v4-22b.csv
MaziyarPanahi/calme-3.3-instruct-3b,./processed_data/MaziyarPanahi_calme-3.3-instruct-3b.csv
BoltMonkey/NeuralDaredevil-SuperNova-Lite-7B-DARETIES-abliterated,./processed_data/BoltMonkey_NeuralDaredevil-SuperNova-Lite-7B-DARETIES-abliterated.csv
Azure99/blossom-v5-32b,./processed_data/Azure99_blossom-v5-32b.csv
NAPS-ai/naps-llama-3_1-8b-instruct-v0.4,./processed_data/NAPS-ai_naps-llama-3_1-8b-instruct-v0.4.csv
Replete-AI/L3.1-Pneuma-8B,./processed_data/Replete-AI_L3.1-Pneuma-8B.csv
tiiuae/Falcon3-10B-Base,./processed_data/tiiuae_Falcon3-10B-Base.csv
cloudyu/Mixtral_34Bx2_MoE_60B,./processed_data/cloudyu_Mixtral_34Bx2_MoE_60B.csv
microsoft/Phi-3-mini-4k-instruct,./processed_data/microsoft_Phi-3-mini-4k-instruct.csv
DreadPoor/Trinas_Nectar-8B-model_stock,./processed_data/DreadPoor_Trinas_Nectar-8B-model_stock.csv
jeffmeloy/jeffmeloy_Qwen2.5-7B-minperplexity-1,./processed_data/jeffmeloy_jeffmeloy_Qwen2.5-7B-minperplexity-1.csv
MaziyarPanahi/calme-3.3-baguette-3b,./processed_data/MaziyarPanahi_calme-3.3-baguette-3b.csv
AuraIndustries/Aura-8B,./processed_data/AuraIndustries_Aura-8B.csv
NousResearch/Nous-Hermes-2-Mixtral-8x7B-DPO,error
deepseek-ai/deepseek-llm-67b-chat,./processed_data/deepseek-ai_deepseek-llm-67b-chat.csv
Qwen/Qwen1.5-32B,./processed_data/Qwen_Qwen1.5-32B.csv
Weyaxi/Bagel-Hermes-34B-Slerp,./processed_data/Weyaxi_Bagel-Hermes-34B-Slerp.csv
Syed-Hasan-8503/Phi-3-mini-4K-instruct-cpo-simpo,./processed_data/Syed-Hasan-8503_Phi-3-mini-4K-instruct-cpo-simpo.csv
speakleash/Bielik-11B-v2.1-Instruct,error
ehristoforu/Gemma2-9B-it-psy10k-mental_health,./processed_data/ehristoforu_Gemma2-9B-it-psy10k-mental_health.csv
mlabonne/NeuralDaredevil-8B-abliterated,./processed_data/mlabonne_NeuralDaredevil-8B-abliterated.csv
Orenguteng/Llama-3.1-8B-Lexi-Uncensored,./processed_data/Orenguteng_Llama-3.1-8B-Lexi-Uncensored.csv
Alsebay/Qwen2.5-7B-test-novelist,error
Qwen/Qwen2.5-3B-Instruct,./processed_data/Qwen_Qwen2.5-3B-Instruct.csv
LGAI-EXAONE/EXAONE-3.5-2.4B-Instruct,./processed_data/LGAI-EXAONE_EXAONE-3.5-2.4B-Instruct.csv
BoltMonkey/SuperNeuralDreadDevil-8b,./processed_data/BoltMonkey_SuperNeuralDreadDevil-8b.csv
cognitivecomputations/dolphin-2.9.3-Yi-1.5-34B-32k,error
allura-org/MS-Meadowlark-22B,./processed_data/allura-org_MS-Meadowlark-22B.csv
nbeerbower/Mahou-1.5-mistral-nemo-12B-lorablated,./processed_data/nbeerbower_Mahou-1.5-mistral-nemo-12B-lorablated.csv
arcee-ai/Llama-Spark,./processed_data/arcee-ai_Llama-Spark.csv
BlackBeenie/Neos-Phi-3-14B-v0.1,./processed_data/BlackBeenie_Neos-Phi-3-14B-v0.1.csv
byroneverson/Yi-1.5-9B-Chat-16K-abliterated,./processed_data/byroneverson_Yi-1.5-9B-Chat-16K-abliterated.csv
Svak/MN-12B-Inferor-v0.1,./processed_data/Svak_MN-12B-Inferor-v0.1.csv
DreadPoor/ONeil-model_stock-8B,error
Etherll/SuperHermes,./processed_data/Etherll_SuperHermes.csv
MaziyarPanahi/Llama-3-8B-Instruct-v0.8,./processed_data/MaziyarPanahi_Llama-3-8B-Instruct-v0.8.csv
flammenai/Mahou-1.5-mistral-nemo-12B,./processed_data/flammenai_Mahou-1.5-mistral-nemo-12B.csv
leafspark/Llama-3.1-8B-MultiReflection-Instruct,./processed_data/leafspark_Llama-3.1-8B-MultiReflection-Instruct.csv
MaziyarPanahi/Llama-3-8B-Instruct-v0.10,error
DeepMount00/Llama-3-8b-Ita,./processed_data/DeepMount00_Llama-3-8b-Ita.csv
MaziyarPanahi/Llama-3-8B-Instruct-v0.9,./processed_data/MaziyarPanahi_Llama-3-8B-Instruct-v0.9.csv
dnhkng/RYS-Llama-3.1-8B-Instruct,./processed_data/dnhkng_RYS-Llama-3.1-8B-Instruct.csv
invisietch/MiS-Firefly-v0.2-22B,./processed_data/invisietch_MiS-Firefly-v0.2-22B.csv
ehristoforu/HappyLlama1,./processed_data/ehristoforu_HappyLlama1.csv
01-ai/Yi-1.5-34B-32K,./processed_data/01-ai_Yi-1.5-34B-32K.csv
DreadPoor/WIP-Acacia-8B-Model_Stock,./processed_data/DreadPoor_WIP-Acacia-8B-Model_Stock.csv
meta-llama/Meta-Llama-3-70B,./processed_data/meta-llama_Meta-Llama-3-70B.csv
VAGOsolutions/Llama-3-SauerkrautLM-8b-Instruct,error
anthracite-org/magnum-v4-27b,./processed_data/anthracite-org_magnum-v4-27b.csv
tiiuae/Falcon3-3B-Instruct,./processed_data/tiiuae_Falcon3-3B-Instruct.csv
Etherll/Herplete-LLM-Llama-3.1-8b-Ties,./processed_data/Etherll_Herplete-LLM-Llama-3.1-8b-Ties.csv
HPAI-BSC/Llama3.1-Aloe-Beta-8B,./processed_data/HPAI-BSC_Llama3.1-Aloe-Beta-8B.csv
Danielbrdz/Barcenas-Llama3-8b-ORPO,error
Etherll/Qwen2.5-Coder-7B-Instruct-Ties,./processed_data/Etherll_Qwen2.5-Coder-7B-Instruct-Ties.csv
Qwen/Qwen2-VL-7B-Instruct,./processed_data/Qwen_Qwen2-VL-7B-Instruct.csv
djuna/L3.1-Promissum_Mane-8B-Della-calc,./processed_data/djuna_L3.1-Promissum_Mane-8B-Della-calc.csv
Azure99/blossom-v5.1-9b,error
allenai/Llama-3.1-Tulu-3-8B-DPO,./processed_data/allenai_Llama-3.1-Tulu-3-8B-DPO.csv
dnhkng/RYS-Medium,./processed_data/dnhkng_RYS-Medium.csv
DreadPoor/Sellen-8B-model_stock,./processed_data/DreadPoor_Sellen-8B-model_stock.csv
microsoft/Phi-3-mini-128k-instruct,./processed_data/microsoft_Phi-3-mini-128k-instruct.csv
